record_id,customer_id,age,annual_income,account_balance,signup_date
1,C1003,49.0,26189.69,1581.49,2024-01-01
2,C1136,72.0,32999.5,3170.18,2024-01-01
3,C1118,69.0,58725.79,2694.14,2024-01-01
4,C1010,21.0,59294.84,1404.51,2024-01-02
5,C1181,24.0,35266.92,3641.64,2024-01-02
6,C1044,67.0,45214.13,4591.76,2024-01-02
7,C1051,63.0,40612.27,5716.71,2024-01-03
8,C1036,71.0,24545.84,1498.45,2024-01-03
9,C1066,28.0,43265.99,2887.53,2024-01-03
10,C1035,33.0,47189.21,578.68,2024-01-04
11,C1069,79.0,27114.25,6223.6,2024-01-04
1,C1162,78.0,45347.62,6181.53,2024-01-04
13,C1090,59.0,57862.7,2654.61,2024-01-05
14,C1184,41.0,18030.52,6811.84,2024-01-05
15,C1089,65.0,44706.03,2209.5,2024-01-05
16,C1055,27.0,53057.21,1978.57,2024-01-06
17,C1157,57.0,56447.74,2166.13,2024-01-06
18,C1163,44.0,26445.62,3414.57,2024-01-06
19,C1172,70.0,36590.48,4100.05,2024-01-07
20,C1177,78.0,42571.4,2726.9,2024-01-07
21,C1005,44.0,56857.77,4648.68,2024-01-07
22,C1102,25.0,69577.2,4557.68,2024-01-08
23,C1053,79.0,45215.63,6952.77,2024-01-08
24,C1048,60.0,-500.0,1978.07,2024-01-08
25,C1048,34.0,39574.6,5517.66,2024-01-09
26,C1164,,37103.04,3468.91,2024-01-09
27,C1158,41.0,57213.98,5333.81,2024-01-09
28,C1042,60.0,64959.35,4888.08,2024-01-10
29,C1081,37.0,68397.24,-880.0,2024-01-10
30,C1148,27.0,31990.55,4589.09,2024-01-10
31,C1029,41.0,,662.69,2024-01-11
32,,76.0,65463.89,5057.64,2024-01-11
33,C1087,37.0,15000.0,4478.27,2024-01-11
34,C1185,74.0,39070.86,3322.58,2024-01-12
35,C1147,43.0,33344.09,5210.54,2024-01-12
36,C1046,79.0,61746.68,4797.58,2024-01-12
37,C1167,76.0,43965.03,6398.54,2024-01-13
38,C1159,72.0,49558.4,881.11,2024-01-13
39,C1042,21.0,44542.95,5447.0,2024-01-13
40,C1103,41.0,38437.11,2304.86,2024-01-14
41,C1158,68.0,50219.57,3720.04,2024-01-14
42,C1046,46.0,28882.22,3053.78,2024-01-14
43,C1048,55.0,27423.73,3452.89,2024-01-15
44,C1033,37.0,35971.39,4625.11,2024-01-15
45,C1001,57.0,39284.05,3257.57,2024-01-15
46,C1099,48.0,31795.34,671.84,2024-01-16
47,C1003,70.0,43565.03,8225.57,2024-01-16
48,C1116,32.0,72988.45,3969.23,2024-01-16
49,C1083,30.0,38220.99,3175.48,2024-01-17
50,C1036,77.0,54662.86,5878.19,2024-01-17
51,C1072,49.0,37770.7,2995.9,2024-01-17
52,C1002,43.0,58390.43,2465.31,2024-01-18
53,C1028,26.0,25897.73,7564.57,2024-01-18
54,C1094,38.0,54625.4,3039.72,2024-01-18
55,C1015,67.0,46976.76,7387.07,2024-01-19
56,C1145,75.0,47810.66,8614.18,2024-01-19
57,C1051,22.0,24313.67,893.36,2024-01-19
58,C1183,39.0,35500.62,288.72,2024-01-20
59,C1033,24.0,61101.02,3529.63,2024-01-20
60,C1125,44.0,20590.94,6115.94,2024-01-20
61,C1103,21.0,36295.54,2101.62,2024-01-21
62,C1183,56.0,48381.7,2455.77,2024-01-21
63,C1123,46.0,69537.41,534.59,2024-01-21
64,C1172,63.0,58921.71,6472.99,2024-01-22
65,C1092,24.0,61200.8,1843.51,2024-01-22
66,C1043,44.0,35461.14,1539.98,2024-01-22
67,C1037,65.0,44677.88,5664.69,2024-01-23
68,C1173,31.0,31570.58,5208.52,2024-01-23
69,C1040,35.0,37668.98,3902.09,2024-01-23
70,C1146,56.0,43536.98,1331.8,2024-01-24
71,C1105,66.0,31360.34,2895.77,2024-01-24
72,C1055,28.0,60421.27,2205.53,2024-01-24
73,C1082,42.0,42580.59,3024.69,2024-01-25
74,C1159,56.0,36832.44,6119.34,2024-01-25
75,C1090,75.0,29600.12,4651.41,2024-01-25
76,C1173,57.0,59540.03,837.69,2024-01-26
77,C1189,50.0,51082.92,387.43,2024-01-26
78,C1059,57.0,37806.57,4328.6,2024-01-26
79,C1105,24.0,24990.63,4799.9,2024-01-27
80,C1105,39.0,52991.42,2075.04,2024-01-27
81,C1108,52.0,39598.42,1380.9,2024-01-27
82,C1014,42.0,55169.41,-85.6,2024-01-28
83,C1073,,42057.66,5259.97,2024-01-28
84,C1116,34.0,61673.48,4739.59,2024-01-28
85,C1183,20.0,41083.44,4603.51,2024-01-29
86,C1047,66.0,64035.94,4841.55,2024-01-29
87,C1128,54.0,53055.11,2499.21,2024-01-29
88,C1152,62.0,23021.0,3789.22,2024-01-30
89,C1184,51.0,37721.75,2377.01,2024-01-30
90,C1034,60.0,63647.22,2480.13,2024-01-30
91,C1134,54.0,45762.19,-1219.49,2024-01-31
92,C1062,78.0,34528.91,3330.21,2024-01-31
93,C1088,38.0,43170.32,4586.04,2024-01-31
94,C1002,72.0,58026.91,5229.62,2024-02-01
95,C1144,23.0,47210.27,1214.72,2024-02-01
96,C1006,44.0,39274.15,7095.19,2024-02-01
97,C1074,77.0,,6416.71,2024-02-02
98,C1099,64.0,65459.71,1841.78,2024-02-02
99,C1133,50.0,28981.41,2087.92,2024-02-02
100,C1093,57.0,56792.27,5235.94,2024-02-03
101,C1167,64.0,20274.09,3362.25,2024-02-03
102,C1025,51.0,34217.75,2460.7,2024-02-03
103,C1052,68.0,29830.49,2270.76,2024-02-04
104,C1051,26.0,53944.06,3013.51,2024-02-04
105,C1075,61.0,33868.51,6273.58,2024-02-04
106,C1000,48.0,49915.14,2549.83,2024-02-05
107,C1085,62.0,66376.16,3283.23,2024-02-05
108,C1076,31.0,43722.05,5724.62,2024-02-05
109,C1117,20.0,29534.16,6698.9,2024-02-06
110,C1115,68.0,37568.63,2929.61,2024-02-06
111,C1056,20.0,27884.52,2217.84,2024-02-06
112,C1085,63.0,53732.38,4230.65,2024-02-07
113,C1100,37.0,51748.49,4954.17,2024-02-07
114,C1167,29.0,46240.3,1552.46,2024-02-07
115,C1015,47.0,27149.01,9108.87,2024-02-08
116,C1123,23.0,15000.0,2207.53,2024-02-08
117,C1016,63.0,36995.7,5548.04,2024-02-08
118,C1053,24.0,37389.54,1942.99,2024-02-09
119,C1088,64.0,28286.38,5544.1,2024-02-09
120,C1162,66.0,29424.96,7901.02,2024-02-09
121,C1067,44.0,36690.68,2629.64,2024-02-10
122,C1099,76.0,52979.46,-247.92,2024-02-10
123,C1115,70.0,15000.0,4801.38,2024-02-10
124,C1151,35.0,35012.44,3690.94,2024-02-11
125,C1079,75.0,54572.33,-54.44,2024-02-11
126,C1113,24.0,15000.0,7319.64,2024-02-11
127,C1167,73.0,39740.37,2532.9,2024-02-12
128,C1087,61.0,42437.91,886.83,2024-02-12
129,C1187,38.0,43445.06,7559.06,2024-02-12
130,C1079,50.0,67439.65,4075.41,2024-02-13
131,C1086,32.0,41607.88,4671.57,2024-02-13
132,C1004,55.0,32334.58,4636.76,2024-02-13
133,C1106,22.0,35699.72,8214.16,2024-02-14
134,C1093,49.0,42560.36,3947.51,2024-02-14
135,C1083,61.0,29142.16,1120.44,2024-02-14
136,C1124,68.0,20368.62,-2406.47,2024-02-15
137,C1109,20.0,30689.05,2359.61,2024-02-15
138,C1189,54.0,37994.43,7026.94,2024-02-15
139,C1081,69.0,65146.92,2069.44,2024-02-16
140,C1087,67.0,33052.65,2208.15,2024-02-16
141,C1162,75.0,33516.43,6767.77,2024-02-16
142,C1097,58.0,22660.69,4756.99,2024-02-17
143,C1050,39.0,60760.96,2355.8,2024-02-17
144,C1103,60.0,47151.97,4280.31,2024-02-17
145,C1101,32.0,53277.05,3615.95,2024-02-18
146,C1081,,48578.82,4598.23,2024-02-18
147,C1106,32.0,32029.7,3740.18,2024-02-18
148,C1115,53.0,44907.69,4114.46,2024-02-19
149,C1194,44.0,28162.09,879.86,2024-02-19
150,C1014,40.0,48629.24,5297.7,2024-02-19
151,C1182,71.0,58772.19,4702.8,2024-02-20
152,C1097,42.0,78179.27,4892.18,2024-02-20
153,C1075,57.0,29604.22,4946.35,2024-02-20
154,C1122,19.0,59288.06,3463.31,2024-02-21
155,C1023,61.0,54300.41,2885.88,2024-02-21
156,C1148,20.0,25709.03,-3427.68,2024-02-21
157,C1018,53.0,45421.19,3830.48,2024-02-22
158,C1085,46.0,61082.61,-3011.91,2024-02-22
159,,67.0,33202.78,4328.18,2024-02-22
160,C1060,67.0,48181.6,5094.98,2024-02-23
161,C1094,50.0,39783.16,5003.83,2024-02-23
162,C1001,61.0,46944.95,3095.1,2024-02-23
163,C1177,24.0,31807.57,5398.1,2024-02-24
164,C1151,41.0,43285.8,6513.2,2024-02-24
165,C1191,54.0,48734.59,2967.27,2024-02-24
166,C1015,47.0,34449.49,3273.99,2024-02-25
167,C1035,37.0,30446.24,6318.26,2024-02-25
168,C1097,69.0,41093.83,3948.42,2024-02-25
169,C1171,27.0,34984.51,8739.16,2024-02-26
170,C1060,66.0,42510.74,2966.99,2024-02-26
171,C1059,31.0,31420.52,4298.92,2024-02-26
172,C1168,55.0,54549.82,1604.08,2024-02-27
173,C1000,51.0,45798.7,4154.62,2024-02-27
174,C1190,70.0,22268.37,2477.64,2024-02-27
175,C1037,,62391.49,-56.31,2024-02-28
176,C1063,78.0,30348.73,-710.71,2024-02-28
177,C1064,24.0,37268.95,4346.01,2024-02-28
178,C1179,56.0,58110.71,1672.57,2024-02-29
179,C1164,28.0,30886.74,3259.84,2024-02-29
180,C1067,78.0,70863.1,3347.69,2024-02-29
181,C1068,64.0,15000.0,2541.05,2024-03-01
182,C1162,22.0,15000.0,7221.36,2024-03-01
183,C1056,68.0,45131.44,2995.25,2024-03-01
184,C1159,66.0,21902.14,2212.96,2024-03-02
185,C1163,33.0,43135.82,1319.81,2024-03-02
186,C1131,23.0,,5347.49,2024-03-02
187,C1148,24.0,37787.52,2580.05,2024-03-03
188,C1045,31.0,46049.63,6207.34,2024-03-03
189,C1112,24.0,43396.14,4664.96,2024-03-03
190,C1027,39.0,38449.62,2444.9,2024-03-04
191,C1011,55.0,35352.13,4467.43,2024-03-04
192,C1084,25.0,39018.93,4704.69,2024-03-04
193,C1058,52.0,32413.56,1677.67,2024-03-05
1,C1030,62.0,58511.93,4042.74,2024-03-05
195,C1105,28.0,27101.73,4291.91,2024-03-05
196,C1174,39.0,45850.38,3697.23,2024-03-06
197,C1049,72.0,46648.54,4866.96,2024-03-06
198,C1035,28.0,17126.55,3212.86,2024-03-06
1,C1173,18.0,46465.88,7008.06,2024-03-07
200,C1006,31.0,57876.1,9130.89,2024-03-07
201,C1117,50.0,38923.66,2641.26,2024-03-07
202,C1111,19.0,51442.4,-670.55,2024-03-08
203,C1093,62.0,41069.32,4378.41,2024-03-08
204,C1085,77.0,44258.07,4539.63,2024-03-08
205,C1005,45.0,53966.92,3884.18,2024-03-09
206,C1171,76.0,39667.83,780.26,2024-03-09
207,C1013,37.0,49918.44,4363.32,2024-03-09
208,C1032,33.0,20271.52,5426.34,2024-03-10
209,C1176,66.0,43404.74,1732.48,2024-03-10
210,C1072,61.0,17185.52,7588.93,2024-03-10
211,C1091,21.0,36178.07,1720.79,2024-03-11
212,C1128,20.0,32433.39,5275.82,2024-03-11
213,C1112,19.0,47797.61,3251.66,2024-03-11
214,C1186,39.0,36082.79,363.37,2024-03-12
215,C1187,51.0,68033.77,3570.88,2024-03-12
216,C1052,59.0,36495.14,3317.47,2024-03-12
217,C1152,21.0,27151.25,9426.14,2024-03-13
218,C1137,32.0,15000.0,5981.06,2024-03-13
219,C1049,72.0,41646.39,7795.37,2024-03-13
220,C1029,39.0,37307.65,6905.52,2024-03-14
221,C1163,18.0,52776.56,3705.07,2024-03-14
222,C1148,26.0,54229.12,2244.74,2024-03-14
223,C1074,69.0,52770.09,7588.86,2024-03-15
224,C1058,27.0,29102.99,1172.71,2024-03-15
225,C1137,62.0,-500.0,3697.64,2024-03-15
226,C1048,18.0,36071.07,2306.85,2024-03-16
227,C1092,56.0,29262.05,5162.44,2024-03-16
228,C1045,38.0,43876.07,7996.99,2024-03-16
229,C1123,47.0,37800.68,3146.81,2024-03-17
230,C1074,44.0,51994.19,1328.61,2024-03-17
231,C1133,78.0,34633.4,5912.39,2024-03-17
232,C1065,44.0,16059.22,133.77,2024-03-18
233,C1125,78.0,51590.8,4373.29,2024-03-18
234,C1122,35.0,-500.0,2272.11,2024-03-18
235,C1090,61.0,50936.51,4742.63,2024-03-19
236,C1108,50.0,20185.17,4587.62,2024-03-19
1,C1035,52.0,21168.58,1404.24,2024-03-19
238,C1149,19.0,64431.53,7750.14,2024-03-20
239,C1143,29.0,40078.58,6686.33,2024-03-20
240,C1058,43.0,41843.72,1633.28,2024-03-20
241,C1084,40.0,33951.06,1122.17,2024-03-21
242,C1192,55.0,55891.35,2722.32,2024-03-21
243,C1025,18.0,44943.49,721.29,2024-03-21
244,C1108,65.0,25126.58,1254.71,2024-03-22
245,C1106,23.0,,5916.8,2024-03-22
246,C1135,79.0,37939.12,3672.63,2024-03-22
247,C1089,31.0,35344.82,5258.78,2024-03-23
248,C1137,45.0,52393.83,8331.73,2024-03-23
249,C1022,42.0,29781.78,3347.7,2024-03-23
250,C1030,76.0,35980.16,2414.03,2024-03-24
251,C1106,74.0,64995.67,3525.92,2024-03-24
252,C1029,74.0,66352.07,5876.16,2024-03-24
253,C1004,66.0,68616.71,4114.19,2024-03-25
254,C1092,26.0,47857.46,-482.88,2024-03-25
255,C1140,34.0,53753.19,2112.81,2024-03-25
256,C1104,49.0,30830.98,368.74,2024-03-26
257,C1175,52.0,32197.44,1255.97,2024-03-26
258,C1054,31.0,21158.62,209.78,2024-03-26
259,C1089,65.0,48967.55,4711.75,2024-03-27
260,C1036,67.0,52054.96,5392.6,2024-03-27
261,C1051,63.0,50363.2,3234.76,2024-03-27
262,C1100,63.0,37428.32,1246.94,2024-03-28
263,C1120,70.0,36707.34,3835.75,2024-03-28
264,C1131,78.0,55356.4,3608.86,2024-03-28
265,C1052,45.0,27906.79,1476.61,2024-03-29
266,C1045,21.0,44912.32,1716.55,2024-03-29
267,C1081,76.0,59261.47,3293.79,2024-03-29
268,C1043,44.0,49518.17,2962.36,2024-03-30
269,C1045,49.0,47769.83,2219.23,2024-03-30
270,C1190,40.0,49249.36,3534.25,2024-03-30
271,C1067,64.0,48709.32,3734.6,2024-03-31
272,C1144,58.0,40177.99,4950.85,2024-03-31
273,C1063,26.0,18554.67,6081.12,2024-03-31
274,C1006,50.0,15918.4,2765.21,2024-04-01
275,C1009,60.0,45848.17,4476.01,2024-04-01
276,C1196,53.0,38755.05,5095.3,2024-04-01
277,C1073,50.0,67478.17,-232.82,2024-04-02
278,C1001,26.0,44076.11,3553.81,2024-04-02
279,C1075,,72333.07,2838.35,2024-04-02
1,C1052,76.0,30438.77,4125.7,2024-04-03
281,C1134,62.0,62360.52,7949.54,2024-04-03
282,C1183,38.0,49223.92,2959.35,2024-04-03
283,C1178,41.0,61259.62,5241.87,2024-04-04
284,,42.0,30445.22,5721.36,2024-04-04
285,C1000,32.0,31343.44,4776.28,2024-04-04
286,C1170,32.0,34845.21,4797.91,2024-04-05
287,C1036,29.0,63481.68,1053.83,2024-04-05
288,C1028,36.0,49448.44,3275.73,2024-04-05
289,C1189,30.0,60028.95,3621.17,2024-04-06
290,C1035,41.0,27149.3,3190.97,2024-04-06
291,C1171,47.0,65678.6,1996.66,2024-04-06
292,C1156,34.0,59984.31,4981.47,2024-04-07
293,C1040,74.0,33721.28,3472.77,2024-04-07
294,C1179,46.0,32004.49,562.93,2024-04-07
295,C1125,55.0,41498.73,2196.16,2024-04-08
296,C1092,69.0,50065.6,361.26,2024-04-08
297,C1097,31.0,39715.06,312.87,2024-04-08
298,C1007,70.0,51068.23,5053.51,2024-04-09
299,C1173,78.0,25790.59,4543.46,2024-04-09
300,C1063,55.0,60813.96,7104.82,2024-04-09
301,C1055,58.0,58838.02,797.68,2024-04-10
302,C1003,52.0,54635.34,4683.26,2024-04-10
303,C1052,39.0,27696.94,4633.28,2024-04-10
304,C1069,55.0,55756.8,4771.93,2024-04-11
305,C1008,43.0,-500.0,5044.84,2024-04-11
306,C1131,49.0,61584.95,4762.58,2024-04-11
307,C1028,26.0,24520.73,3645.84,2024-04-12
308,C1053,22.0,39268.99,1864.44,2024-04-12
309,C1095,44.0,53839.69,5751.2,2024-04-12
310,C1130,24.0,27462.97,-1984.97,2024-04-13
311,C1037,69.0,15315.2,1329.19,2024-04-13
312,C1185,47.0,34725.13,3732.4,2024-04-13
313,C1103,79.0,35313.52,1240.69,2024-04-14
314,C1093,22.0,35546.69,4085.93,2024-04-14
315,C1149,22.0,43721.83,1439.92,2024-04-14
316,C1041,26.0,40895.46,6588.22,2024-04-15
317,C1056,38.0,42691.83,2294.25,2024-04-15
318,C1184,56.0,29651.79,1728.86,2024-04-15
319,C1140,40.0,35517.19,2651.22,2024-04-16
320,C1189,76.0,47737.57,4347.09,2024-04-16
321,C1125,79.0,28564.36,2049.64,2024-04-16
322,C1026,20.0,25652.54,807.36,2024-04-17
323,C1151,58.0,41005.1,2614.95,2024-04-17
324,C1179,55.0,73096.79,941.31,2024-04-17
325,C1024,71.0,72223.21,2897.74,2024-04-18
326,,46.0,15000.0,2961.03,2024-04-18
327,C1156,23.0,35312.74,1906.95,2024-04-18
328,C1025,20.0,39528.45,4842.87,2024-04-19
329,C1194,28.0,39753.09,5703.0,2024-04-19
330,C1023,66.0,40802.13,-583.67,2024-04-19
331,C1005,23.0,33018.03,7487.34,2024-04-20
332,C1151,61.0,38699.22,3644.5,2024-04-20
333,C1000,25.0,25224.02,4073.7,2024-04-20
334,C1017,,18891.63,450.41,2024-04-21
335,C1134,25.0,25907.27,-1102.93,2024-04-21
336,C1152,59.0,41431.59,7497.09,2024-04-21
337,C1177,18.0,50538.08,4017.09,2024-04-22
338,C1047,,74568.59,6155.5,2024-04-22
339,C1162,22.0,32155.55,4915.94,2024-04-22
340,C1083,40.0,55347.33,970.0,2024-04-23
341,C1154,71.0,40819.18,3232.68,2024-04-23
342,C1028,53.0,36443.58,3637.22,2024-04-23
343,C1145,39.0,51228.22,3498.48,2024-04-24
344,C1130,56.0,39701.37,3226.54,2024-04-24
345,C1081,56.0,30954.17,5091.64,2024-04-24
346,C1091,25.0,31525.56,1558.41,2024-04-25
347,C1034,47.0,28053.75,1253.88,2024-04-25
348,C1078,30.0,26628.64,2424.33,2024-04-25
349,C1122,47.0,48069.54,4098.19,2024-04-26
350,C1160,32.0,44614.05,2065.57,2024-04-26
351,C1119,33.0,26127.01,2952.81,2024-04-26
352,C1091,55.0,20858.11,5415.12,2024-04-27
353,C1143,47.0,55038.92,4860.96,2024-04-27
354,C1138,51.0,39018.33,2366.09,2024-04-27
355,C1188,25.0,,-2601.66,2024-04-28
356,C1156,38.0,39371.42,752.11,2024-04-28
357,C1014,38.0,39838.42,3285.47,2024-04-28
358,C1122,66.0,28941.49,4598.09,2024-04-29
359,C1142,40.0,57880.61,1395.52,2024-04-29
360,C1192,60.0,56770.17,4503.99,2024-04-29
361,C1152,71.0,43702.0,2500.2,2024-04-30
362,C1110,26.0,15000.0,4428.83,2024-04-30
363,C1008,23.0,42320.67,640.99,2024-04-30
364,C1043,66.0,42352.76,2952.75,2024-05-01
365,C1152,37.0,50481.39,3003.74,2024-05-01
366,C1108,37.0,48602.14,4415.16,2024-05-01
367,C1137,79.0,58829.22,1878.42,2024-05-02
368,C1048,46.0,38990.78,3880.33,2024-05-02
369,C1158,56.0,15000.0,846.56,2024-05-02
370,C1016,29.0,67228.27,2524.57,2024-05-03
371,C1194,33.0,69282.3,-1822.21,2024-05-03
372,C1151,43.0,49941.5,1965.13,2024-05-03
373,C1136,19.0,19552.99,1041.68,2024-05-04
374,C1052,32.0,53732.26,4491.01,2024-05-04
375,C1159,79.0,41270.84,1862.33,2024-05-04
376,C1062,63.0,24840.6,4221.14,2024-05-05
377,C1169,54.0,52079.51,4116.71,2024-05-05
378,C1197,54.0,78975.05,2682.88,2024-05-05
379,C1171,38.0,44105.54,3947.3,2024-05-06
380,C1080,72.0,41768.92,8210.43,2024-05-06
381,C1180,46.0,26770.92,2567.23,2024-05-06
382,C1088,27.0,36194.6,811.23,2024-05-07
383,C1164,21.0,68143.43,2152.34,2024-05-07
384,C1184,53.0,37975.35,4088.18,2024-05-07
385,C1076,25.0,34359.32,4555.86,2024-05-08
386,C1158,47.0,34797.61,3166.24,2024-05-08
387,C1196,70.0,46602.18,3303.96,2024-05-08
388,C1171,47.0,26722.34,3181.44,2024-05-09
389,C1040,55.0,48582.51,-1955.47,2024-05-09
390,C1093,64.0,30659.14,4642.78,2024-05-09
391,C1089,43.0,51200.33,3805.59,2024-05-10
392,C1042,43.0,66068.43,4448.53,2024-05-10
393,C1043,22.0,34728.45,5619.01,2024-05-10
394,C1013,61.0,46794.36,5002.95,2024-05-11
395,C1138,18.0,54155.67,5873.67,2024-05-11
396,C1015,35.0,51733.82,3534.92,2024-05-11
397,C1025,34.0,49492.89,2341.82,2024-05-12
398,C1027,,60415.49,4776.23,2024-05-12
399,C1103,64.0,15000.0,116.0,2024-05-12
400,C1053,67.0,39961.33,6149.23,2024-05-13
401,C1090,25.0,28841.36,2766.38,2024-05-13
402,C1155,50.0,47709.22,4353.02,2024-05-13
403,C1072,32.0,61302.74,2001.61,2024-05-14
404,C1045,33.0,45805.93,3551.99,2024-05-14
405,C1015,27.0,34421.27,5305.06,2024-05-14
406,C1084,46.0,50750.26,1302.75,2024-05-15
407,C1163,77.0,75460.72,586.94,2024-05-15
408,C1091,57.0,39169.08,3103.38,2024-05-15
409,C1053,18.0,40049.08,1343.01,2024-05-16
410,C1061,33.0,48720.06,6582.07,2024-05-16
411,C1003,36.0,40719.85,2948.86,2024-05-16
412,,29.0,55899.14,3254.12,2024-05-17
413,C1020,28.0,26023.68,3353.8,2024-05-17
414,C1053,79.0,34571.82,1472.41,2024-05-17
415,C1188,58.0,15000.0,1415.1,2024-05-18
416,C1170,29.0,43348.71,8134.12,2024-05-18
417,C1151,,45415.43,7466.22,2024-05-18
418,C1198,38.0,31963.37,2502.97,2024-05-19
419,C1061,38.0,30069.17,3495.95,2024-05-19
420,C1074,42.0,46017.84,4825.77,2024-05-19
421,C1007,76.0,80178.11,2475.46,2024-05-20
422,C1092,71.0,24068.02,1205.09,2024-05-20
423,C1103,52.0,48634.92,3555.81,2024-05-20
424,C1066,35.0,39265.5,4492.33,2024-05-21
425,C1133,72.0,15000.0,6258.01,2024-05-21
426,C1073,31.0,54715.93,6817.99,2024-05-21
427,C1089,19.0,43925.12,4105.98,2024-05-22
428,C1137,25.0,31717.12,4942.26,2024-05-22
429,C1138,50.0,40529.11,3706.01,2024-05-22
430,C1147,65.0,33321.03,6810.49,2024-05-23
431,C1138,32.0,61346.21,1290.4,2024-05-23
432,C1063,53.0,30199.27,6133.4,2024-05-23
433,C1045,35.0,19137.65,817.06,2024-05-24
434,C1029,23.0,-500.0,4311.24,2024-05-24
435,C1064,57.0,32173.23,5604.99,2024-05-24
436,C1141,46.0,66671.32,3486.32,2024-05-25
437,C1168,41.0,,2883.12,2024-05-25
438,C1087,79.0,60618.22,5284.32,2024-05-25
439,C1015,77.0,40282.4,3480.59,2024-05-26
440,C1183,75.0,21700.45,1597.53,2024-05-26
441,C1164,30.0,75008.58,1441.09,2024-05-26
442,C1081,52.0,32942.52,1905.13,2024-05-27
443,C1123,42.0,35342.82,4488.09,2024-05-27
444,C1005,32.0,60318.27,1049.44,2024-05-27
445,C1082,51.0,59782.91,4787.77,2024-05-28
446,C1145,54.0,50454.74,1566.85,2024-05-28
447,C1148,69.0,49377.45,4088.59,2024-05-28
448,C1197,49.0,69927.61,2123.49,2024-05-29
449,C1100,54.0,65949.39,1964.92,2024-05-29
450,C1093,78.0,55860.11,3587.11,2024-05-29
451,C1107,27.0,45259.66,2261.23,2024-05-30
452,C1190,18.0,15000.0,4458.4,2024-05-30
453,C1024,28.0,47860.99,2104.87,2024-05-30
454,C1032,37.0,36074.27,-685.76,2024-05-31
455,C1160,35.0,68216.75,-888.73,2024-05-31
456,C1042,42.0,40859.66,282.26,2024-05-31
457,C1126,58.0,39523.67,5282.7,2024-06-01
458,C1068,,38452.93,3691.13,2024-06-01
459,C1150,60.0,51168.75,1090.76,2024-06-01
460,C1081,64.0,38197.14,2516.33,2024-06-02
461,C1032,50.0,52378.21,5631.22,2024-06-02
462,C1179,63.0,-500.0,643.76,2024-06-02
463,C1001,72.0,45282.64,4533.41,2024-06-03
464,C1194,53.0,54038.03,5124.36,2024-06-03
465,C1008,67.0,52931.85,260.57,2024-06-03
466,C1102,52.0,53175.03,2891.87,2024-06-04
467,C1182,39.0,21800.07,-143.39,2024-06-04
468,C1139,35.0,32490.06,5265.59,2024-06-04
469,C1044,70.0,48756.11,2285.59,2024-06-05
470,C1125,71.0,49633.94,559.83,2024-06-05
471,C1041,30.0,45020.83,3601.7,2024-06-05
472,C1172,44.0,15000.0,3163.83,2024-06-06
473,C1013,56.0,29148.23,4175.35,2024-06-06
474,C1021,40.0,15000.0,334.48,2024-06-06
475,C1141,49.0,66480.14,7547.49,2024-06-07
476,C1112,67.0,20664.78,4254.41,2024-06-07
477,C1148,33.0,44323.72,1499.97,2024-06-07
478,C1161,62.0,54062.43,6683.12,2024-06-08
479,C1016,43.0,30000.67,3677.95,2024-06-08
480,C1154,37.0,24372.12,1686.46,2024-06-08
481,C1075,,40204.52,2687.69,2024-06-09
482,C1153,19.0,15000.0,4455.32,2024-06-09
483,C1041,30.0,40620.38,4593.62,2024-06-09
484,C1196,18.0,32858.89,4669.13,2024-06-10
485,C1096,51.0,47564.94,4168.47,2024-06-10
486,C1005,70.0,15000.0,5245.51,2024-06-10
487,C1143,19.0,51114.63,3263.49,2024-06-11
488,C1021,27.0,55900.92,2852.21,2024-06-11
489,C1119,71.0,29881.07,3287.18,2024-06-11
490,C1030,55.0,47316.07,5931.83,2024-06-12
491,C1043,65.0,41311.74,4028.73,2024-06-12
492,C1116,54.0,64308.2,-206.58,2024-06-12
493,C1115,76.0,52718.37,1016.38,2024-06-13
494,C1086,31.0,41000.73,1275.6,2024-06-13
495,C1056,70.0,17974.62,3656.37,2024-06-13
496,C1012,45.0,23209.41,6992.73,2024-06-14
497,C1067,20.0,35490.79,-26.0,2024-06-14
498,C1055,43.0,30296.68,-197.63,2024-06-14
499,C1198,43.0,32736.54,-38.16,2024-06-15
500,C1078,49.0,57975.99,3216.64,2024-06-15
1,C1108,28.0,44669.62,2080.41,2024-06-15
502,C1101,71.0,56298.13,5172.7,2024-06-16
503,C1185,37.0,42322.79,-596.54,2024-06-16
504,C1151,74.0,40277.97,4234.62,2024-06-16
505,C1110,79.0,32457.73,2075.87,2024-06-17
506,C1097,23.0,25355.29,5807.78,2024-06-17
507,C1179,63.0,44137.73,3552.91,2024-06-17
508,C1165,44.0,61750.26,1872.05,2024-06-18
509,C1138,50.0,41132.04,518.07,2024-06-18
510,C1108,36.0,52517.31,6000.58,2024-06-18
511,C1021,42.0,28215.45,2357.23,2024-06-19
512,C1071,66.0,37467.22,664.99,2024-06-19
513,C1140,54.0,41736.83,1463.2,2024-06-19
514,C1161,39.0,45213.3,3652.23,2024-06-20
515,C1135,62.0,41457.93,3889.31,2024-06-20
1,C1037,48.0,41732.8,2058.03,2024-06-20
517,C1042,62.0,38895.48,2951.99,2024-06-21
518,C1177,61.0,49087.6,2490.39,2024-06-21
519,C1070,72.0,47715.82,5929.51,2024-06-21
520,C1134,57.0,36531.19,1892.67,2024-06-22
521,C1038,64.0,30408.23,1497.29,2024-06-22
522,C1190,64.0,31339.14,992.31,2024-06-22
523,C1055,67.0,65840.52,2788.92,2024-06-23
524,C1041,,46641.07,5176.9,2024-06-23
525,C1054,34.0,54907.69,3414.35,2024-06-23
526,C1046,51.0,53542.63,3294.02,2024-06-24
527,C1019,45.0,43337.86,5723.99,2024-06-24
528,C1091,,46827.74,5119.66,2024-06-24
529,C1114,32.0,47857.97,3873.72,2024-06-25
530,C1029,66.0,20930.68,7705.03,2024-06-25
531,C1092,54.0,48032.24,91.5,2024-06-25
532,C1007,71.0,32551.99,6183.53,2024-06-26
533,C1110,51.0,31722.5,4997.47,2024-06-26
534,C1070,36.0,46038.63,655.72,2024-06-26
535,C1135,70.0,81002.95,6069.59,2024-06-27
536,C1150,48.0,18375.46,6059.78,2024-06-27
537,C1031,18.0,15000.0,3098.3,2024-06-27
538,C1177,24.0,43445.05,1685.66,2024-06-28
539,C1157,50.0,15000.0,2223.48,2024-06-28
540,C1046,24.0,39994.97,6403.49,2024-06-28
541,C1088,68.0,15000.0,4532.42,2024-06-29
542,C1188,26.0,48295.46,1145.34,2024-06-29
543,C1176,47.0,41175.54,6674.53,2024-06-29
544,C1015,57.0,29018.41,5560.12,2024-06-30
1,C1178,19.0,59014.77,863.08,2024-06-30
546,C1015,66.0,44660.22,4100.34,2024-06-30
547,C1066,23.0,50801.49,3506.47,2024-07-01
548,C1141,26.0,25567.42,3717.76,2024-07-01
549,C1164,20.0,47221.55,4995.63,2024-07-01
550,C1013,79.0,26024.25,4468.18,2024-07-02
551,C1191,44.0,75251.31,5503.51,2024-07-02
552,C1194,39.0,54953.26,3147.83,2024-07-02
553,C1076,31.0,44567.35,2786.74,2024-07-03
554,C1054,73.0,57286.84,3227.84,2024-07-03
555,C1021,55.0,44229.58,-2761.97,2024-07-03
556,C1025,79.0,39500.9,2954.12,2024-07-04
557,,79.0,44145.63,6274.38,2024-07-04
558,C1153,70.0,16862.31,2007.67,2024-07-04
559,C1085,66.0,35807.15,560.85,2024-07-05
560,C1084,41.0,45152.6,4531.54,2024-07-05
561,C1052,39.0,31732.37,8840.81,2024-07-05
562,C1180,19.0,71292.98,2477.92,2024-07-06
563,C1104,,36940.55,4483.38,2024-07-06
564,,49.0,45530.96,2454.72,2024-07-06
565,C1077,72.0,69830.28,731.81,2024-07-07
566,C1001,48.0,53131.88,2505.54,2024-07-07
567,C1032,18.0,72076.5,2547.85,2024-07-07
568,C1032,18.0,44254.71,2727.55,2024-07-08
569,C1084,67.0,,959.87,2024-07-08
570,C1019,71.0,15000.0,580.8,2024-07-08
571,C1180,39.0,24511.69,279.6,2024-07-09
572,C1036,27.0,45013.6,3308.64,2024-07-09
573,C1116,21.0,55108.52,3477.89,2024-07-09
574,C1054,56.0,55979.66,5594.12,2024-07-10
575,C1017,69.0,23322.03,5399.47,2024-07-10
576,C1015,34.0,32468.98,1577.33,2024-07-10
577,C1094,29.0,48282.73,2106.72,2024-07-11
578,C1175,43.0,15000.0,1868.63,2024-07-11
579,C1145,66.0,29245.4,474.44,2024-07-11
580,C1134,47.0,45053.53,2238.5,2024-07-12
581,C1125,49.0,44282.85,132.86,2024-07-12
582,C1088,54.0,54934.22,-461.29,2024-07-12
583,C1139,50.0,43243.91,5058.62,2024-07-13
584,C1179,50.0,37316.82,3317.24,2024-07-13
585,C1105,22.0,29130.81,1650.24,2024-07-13
586,C1122,40.0,46074.55,4529.61,2024-07-14
587,C1037,55.0,37761.24,4687.49,2024-07-14
588,C1136,20.0,52550.81,6395.95,2024-07-14
589,C1022,,22723.03,2477.65,2024-07-15
590,C1142,25.0,66889.41,3725.99,2024-07-15
591,C1198,18.0,31851.71,2544.92,2024-07-15
592,C1087,56.0,36134.16,2115.03,2024-07-16
593,C1103,57.0,51875.85,5520.71,2024-07-16
594,C1058,55.0,50896.8,4342.12,2024-07-16
595,C1150,53.0,49404.66,1159.54,2024-07-17
596,C1177,,33329.35,3475.72,2024-07-17
597,C1032,40.0,15000.0,4733.3,2024-07-17
598,C1073,22.0,39353.07,3018.4,2024-07-18
599,C1072,63.0,51714.02,3248.91,2024-07-18
600,C1087,33.0,47972.16,8419.54,2024-07-18
601,C1003,22.0,55160.09,1580.26,2024-07-19
602,C1055,32.0,36638.96,2067.54,2024-07-19
603,C1098,72.0,30749.49,6612.62,2024-07-19
604,C1110,68.0,24972.97,3700.57,2024-07-20
605,C1153,24.0,49914.48,3126.9,2024-07-20
606,C1107,65.0,44993.49,733.77,2024-07-20
607,C1008,52.0,41127.72,4143.02,2024-07-21
608,C1086,64.0,40816.82,4622.28,2024-07-21
609,C1087,62.0,37919.35,5911.08,2024-07-21
610,C1070,78.0,36168.32,6292.41,2024-07-22
611,C1056,,51197.49,4217.97,2024-07-22
612,C1108,74.0,31016.66,2059.6,2024-07-22
613,C1093,66.0,63228.88,870.61,2024-07-23
614,C1076,57.0,63182.82,6744.85,2024-07-23
615,C1197,41.0,66071.76,2236.96,2024-07-23
616,C1155,49.0,59297.42,6050.79,2024-07-24
617,C1028,74.0,33831.62,5093.86,2024-07-24
618,C1030,68.0,-500.0,2959.47,2024-07-24
619,C1055,48.0,40513.85,6567.33,2024-07-25
620,C1144,52.0,43644.42,3399.92,2024-07-25
621,C1041,56.0,48500.33,6297.89,2024-07-25
622,C1041,65.0,38887.02,3009.52,2024-07-26
623,C1199,32.0,41983.89,2854.42,2024-07-26
624,C1186,29.0,52345.52,3309.03,2024-07-26
625,C1140,63.0,55291.13,8066.94,2024-07-27
626,C1076,49.0,53059.41,4420.88,2024-07-27
627,C1128,52.0,77508.32,3481.47,2024-07-27
628,C1064,47.0,71810.06,47.92,2024-07-28
629,C1003,61.0,43410.01,1986.46,2024-07-28
630,C1180,48.0,43938.63,741.69,2024-07-28
631,C1198,59.0,48039.41,-963.45,2024-07-29
632,C1009,50.0,51099.52,1635.53,2024-07-29
633,C1113,20.0,64681.27,7747.74,2024-07-29
634,C1195,56.0,32430.56,6003.63,2024-07-30
635,C1163,23.0,33586.62,5689.59,2024-07-30
636,C1185,55.0,40515.34,2489.92,2024-07-30
637,C1159,22.0,84500.63,2147.95,2024-07-31
638,C1132,77.0,60746.55,-140.77,2024-07-31
639,C1102,33.0,19835.2,5409.73,2024-07-31
640,C1113,31.0,43810.97,2781.81,2024-08-01
641,C1003,18.0,16380.92,3009.21,2024-08-01
642,C1104,26.0,48165.03,4933.72,2024-08-01
643,C1006,20.0,39475.42,1051.03,2024-08-02
1,C1016,63.0,60802.94,5666.74,2024-08-02
645,C1166,25.0,60978.03,-64.22,2024-08-02
646,C1018,33.0,66219.05,60.51,2024-08-03
647,C1113,73.0,47396.87,5642.94,2024-08-03
648,C1138,35.0,51737.55,4193.98,2024-08-03
649,C1004,56.0,59108.84,3903.68,2024-08-04
650,C1191,29.0,51791.86,-805.42,2024-08-04
651,C1082,41.0,31442.36,5175.21,2024-08-04
652,C1102,47.0,29773.79,6441.29,2024-08-05
653,C1188,70.0,49904.03,2663.86,2024-08-05
1,C1000,43.0,19623.64,2464.58,2024-08-05
655,C1024,42.0,65985.4,7312.93,2024-08-06
656,C1165,78.0,29597.73,1713.46,2024-08-06
657,C1062,40.0,59567.07,-1209.28,2024-08-06
658,C1166,59.0,39604.04,4609.31,2024-08-07
659,C1185,76.0,20991.9,1730.21,2024-08-07
660,C1067,54.0,45998.23,5093.71,2024-08-07
661,C1000,63.0,37951.7,1964.47,2024-08-08
662,C1135,53.0,23731.77,2877.96,2024-08-08
663,C1159,63.0,57473.52,2528.07,2024-08-08
664,C1028,35.0,43836.75,1889.55,2024-08-09
665,C1050,53.0,41285.9,3592.55,2024-08-09
666,C1032,73.0,,6624.89,2024-08-09
667,C1120,29.0,21422.57,1211.35,2024-08-10
668,C1142,25.0,63911.02,4319.08,2024-08-10
669,C1006,42.0,52309.52,2176.28,2024-08-10
670,C1101,63.0,47862.63,3161.64,2024-08-11
671,C1145,68.0,15000.0,5305.45,2024-08-11
672,C1117,25.0,49351.24,3508.85,2024-08-11
673,C1197,57.0,37545.11,6986.05,2024-08-12
674,C1104,48.0,64917.77,157.61,2024-08-12
675,C1186,53.0,41148.49,-453.55,2024-08-12
676,C1188,31.0,21953.23,2793.95,2024-08-13
677,C1035,29.0,34320.55,3959.06,2024-08-13
678,C1157,52.0,35654.03,5704.34,2024-08-13
679,C1124,53.0,47230.45,1937.94,2024-08-14
680,C1179,30.0,37766.45,3303.35,2024-08-14
681,C1049,31.0,57875.29,1318.53,2024-08-14
682,C1058,49.0,52713.0,5500.73,2024-08-15
683,C1081,55.0,34089.08,5475.41,2024-08-15
684,C1195,19.0,69028.51,4010.48,2024-08-15
685,C1199,62.0,45951.19,3236.89,2024-08-16
686,C1163,33.0,28022.19,3314.55,2024-08-16
687,C1010,65.0,33880.91,1171.76,2024-08-16
688,C1019,63.0,61665.42,-68.93,2024-08-17
689,C1135,72.0,60492.65,5237.02,2024-08-17
690,C1017,50.0,54740.2,4403.8,2024-08-17
691,C1193,61.0,28726.92,4150.28,2024-08-18
692,C1038,48.0,31659.85,1932.4,2024-08-18
693,C1188,37.0,35443.0,906.36,2024-08-18
694,C1067,57.0,64172.3,5114.57,2024-08-19
695,C1052,59.0,,4003.27,2024-08-19
696,C1043,50.0,51633.97,2851.59,2024-08-19
697,C1153,35.0,20475.0,6045.87,2024-08-20
698,C1010,34.0,15000.0,7035.09,2024-08-20
699,C1118,75.0,41011.54,6952.2,2024-08-20
700,C1089,73.0,,2361.34,2024-08-21
701,C1109,65.0,44285.79,4615.43,2024-08-21
702,C1052,37.0,47554.98,5420.32,2024-08-21
703,C1012,47.0,39406.44,294.81,2024-08-22
704,C1092,19.0,45049.75,9078.16,2024-08-22
705,C1063,53.0,48240.48,2153.47,2024-08-22
706,C1156,29.0,37070.2,5311.2,2024-08-23
707,C1067,79.0,24071.4,4973.58,2024-08-23
708,C1064,43.0,37876.4,6078.05,2024-08-23
709,C1076,20.0,60022.18,3107.95,2024-08-24
710,C1008,18.0,15000.0,1408.95,2024-08-24
711,C1099,60.0,33005.59,3515.53,2024-08-24
712,,51.0,41963.4,3894.42,2024-08-25
713,C1101,61.0,21842.28,999.3,2024-08-25
714,C1098,77.0,,6294.83,2024-08-25
715,C1098,37.0,39400.91,-1163.57,2024-08-26
716,C1048,52.0,46442.89,4763.56,2024-08-26
717,C1021,26.0,30956.21,5945.52,2024-08-26
718,C1185,30.0,33449.98,2283.05,2024-08-27
719,C1156,36.0,40353.28,-209.2,2024-08-27
720,C1147,21.0,35317.48,3142.59,2024-08-27
721,C1011,25.0,34246.92,3080.42,2024-08-28
1,C1084,51.0,29073.1,2519.87,2024-08-28
723,C1000,48.0,50316.61,775.99,2024-08-28
724,C1069,60.0,21204.18,9886.12,2024-08-29
725,C1019,58.0,58328.38,3184.42,2024-08-29
726,C1014,57.0,47174.48,2140.91,2024-08-29
727,C1092,33.0,38681.65,2227.87,2024-08-30
728,C1057,53.0,50292.8,4645.65,2024-08-30
729,C1195,39.0,23358.66,3649.96,2024-08-30
730,C1143,40.0,39471.46,429.21,2024-08-31
731,C1070,48.0,26483.62,2370.89,2024-08-31
732,C1015,42.0,40950.19,4305.86,2024-08-31
733,C1129,25.0,32901.95,2406.3,2024-09-01
734,C1075,71.0,25619.09,5243.24,2024-09-01
735,C1075,42.0,27162.27,4189.14,2024-09-01
736,C1118,20.0,45971.41,5581.79,2024-09-02
737,C1081,58.0,31106.72,5178.91,2024-09-02
738,C1147,36.0,24485.44,4468.79,2024-09-02
739,C1175,67.0,43245.34,6919.26,2024-09-03
740,C1148,35.0,47062.88,374.85,2024-09-03
741,C1196,70.0,39724.16,13.66,2024-09-03
742,C1058,78.0,23326.46,1603.47,2024-09-04
743,C1061,51.0,57550.72,2641.68,2024-09-04
744,C1065,49.0,40859.26,2962.7,2024-09-04
745,C1037,27.0,61493.06,-587.66,2024-09-05
746,C1031,29.0,40098.9,6384.76,2024-09-05
747,C1037,30.0,54662.29,3424.86,2024-09-05
748,C1145,70.0,18378.01,3829.81,2024-09-06
749,C1100,72.0,36505.1,920.18,2024-09-06
750,C1053,41.0,35288.39,2827.45,2024-09-06
751,C1131,69.0,66295.75,2489.36,2024-09-07
752,C1096,41.0,33626.6,3989.08,2024-09-07
753,C1001,,24289.47,5775.98,2024-09-07
754,C1179,38.0,-500.0,3557.2,2024-09-08
755,C1075,,31069.7,1660.93,2024-09-08
756,C1001,27.0,41196.08,4127.62,2024-09-08
757,C1036,59.0,27667.0,3706.01,2024-09-09
758,C1171,45.0,28236.27,1442.83,2024-09-09
759,C1128,64.0,,3382.81,2024-09-09
760,C1147,52.0,15000.0,-461.38,2024-09-10
761,C1066,55.0,51624.24,3436.28,2024-09-10
762,C1129,46.0,55100.7,-3042.31,2024-09-10
763,C1061,54.0,55039.32,2424.96,2024-09-11
1,C1081,41.0,18419.65,5114.55,2024-09-11
765,C1033,39.0,20903.72,2158.71,2024-09-11
766,C1124,32.0,39769.33,3789.74,2024-09-12
767,C1120,70.0,42378.56,3878.94,2024-09-12
768,C1189,71.0,19646.11,2873.68,2024-09-12
769,C1134,69.0,57102.6,683.7,2024-09-13
770,C1019,71.0,-500.0,667.92,2024-09-13
771,C1053,34.0,32789.74,1580.16,2024-09-13
772,C1013,52.0,36753.07,4278.94,2024-09-14
773,C1056,77.0,66812.83,5563.33,2024-09-14
774,C1068,62.0,46230.22,1184.03,2024-09-14
775,C1188,27.0,46026.76,1924.12,2024-09-15
776,C1020,74.0,44308.98,2556.11,2024-09-15
777,C1102,53.0,15000.0,6497.15,2024-09-15
778,C1183,27.0,27407.43,2013.68,2024-09-16
779,C1061,28.0,60177.12,5635.92,2024-09-16
780,C1157,25.0,25594.8,2533.96,2024-09-16
781,C1066,32.0,57063.52,2672.52,2024-09-17
782,C1031,30.0,50611.51,2241.23,2024-09-17
783,C1116,79.0,29333.25,2995.57,2024-09-17
784,C1074,54.0,52492.94,997.04,2024-09-18
785,C1000,61.0,49154.66,3122.51,2024-09-18
786,C1083,22.0,68610.7,1297.15,2024-09-18
787,C1079,61.0,44138.02,3249.33,2024-09-19
788,C1190,63.0,44085.71,-794.89,2024-09-19
789,C1171,18.0,26298.84,1926.84,2024-09-19
790,C1065,21.0,68958.58,2714.23,2024-09-20
791,C1148,49.0,15000.0,2309.27,2024-09-20
792,C1096,19.0,43682.88,-727.84,2024-09-20
793,C1181,40.0,47111.29,3723.98,2024-09-21
794,C1105,77.0,48011.75,-7.88,2024-09-21
795,C1016,76.0,48252.16,7863.25,2024-09-21
796,C1156,39.0,,6307.85,2024-09-22
797,C1134,79.0,64739.43,7420.92,2024-09-22
798,C1173,52.0,58085.56,3351.58,2024-09-22
799,C1143,50.0,55846.42,-880.83,2024-09-23
800,C1134,47.0,76199.39,7397.93,2024-09-23
801,C1072,66.0,,3864.67,2024-09-23
802,C1072,58.0,39022.77,7417.49,2024-09-24
803,C1076,54.0,44575.99,6173.81,2024-09-24
804,C1045,76.0,23016.63,4234.03,2024-09-24
805,C1141,36.0,58910.26,1194.2,2024-09-25
806,C1079,52.0,36084.63,1485.94,2024-09-25
807,C1192,23.0,43463.27,2946.68,2024-09-25
808,C1115,38.0,47601.67,3594.31,2024-09-26
809,C1060,61.0,41764.76,3162.36,2024-09-26
810,C1153,20.0,28223.68,4096.52,2024-09-26
811,C1091,50.0,46454.97,6660.71,2024-09-27
812,C1191,57.0,26086.45,7525.62,2024-09-27
813,C1160,23.0,42386.62,-154.94,2024-09-27
814,C1174,44.0,36138.28,4539.48,2024-09-28
815,C1193,21.0,50167.87,5647.81,2024-09-28
816,C1157,77.0,49430.48,3810.35,2024-09-28
817,C1188,76.0,37879.14,4643.3,2024-09-29
818,C1180,54.0,50734.04,2016.4,2024-09-29
819,C1030,24.0,51661.4,3699.44,2024-09-29
820,C1139,57.0,51110.68,3186.96,2024-09-30
821,C1111,66.0,21705.65,1956.63,2024-09-30
822,C1189,57.0,15000.0,2406.6,2024-09-30
823,C1151,66.0,40940.59,4446.97,2024-10-01
824,C1102,51.0,15000.0,2762.33,2024-10-01
825,C1127,73.0,46240.36,3357.35,2024-10-01
826,C1018,42.0,20633.32,3038.53,2024-10-02
827,C1070,79.0,47856.26,2488.0,2024-10-02
828,C1145,46.0,25402.93,1065.0,2024-10-02
829,C1085,78.0,15000.0,704.27,2024-10-03
830,C1189,60.0,15000.0,3869.93,2024-10-03
831,C1131,42.0,44577.12,2604.42,2024-10-03
832,C1006,32.0,15000.0,773.71,2024-10-04
833,C1031,73.0,50225.61,2251.4,2024-10-04
834,C1124,29.0,44800.78,4389.55,2024-10-04
835,C1159,76.0,61854.97,4622.34,2024-10-05
836,C1060,73.0,60926.91,-138.41,2024-10-05
837,C1078,57.0,62503.37,4710.89,2024-10-05
838,C1080,60.0,25289.07,-629.27,2024-10-06
839,C1049,53.0,35479.04,2158.26,2024-10-06
840,C1183,72.0,52926.03,5398.4,2024-10-06
841,C1100,27.0,34742.0,1147.27,2024-10-07
842,C1066,40.0,43717.39,5502.08,2024-10-07
843,C1187,39.0,22960.18,3771.12,2024-10-07
844,C1125,53.0,48953.42,7646.88,2024-10-08
845,C1001,49.0,42288.77,7007.08,2024-10-08
846,C1084,55.0,26512.19,4341.99,2024-10-08
847,C1135,36.0,60199.02,2976.07,2024-10-09
848,C1185,73.0,25560.99,6341.19,2024-10-09
849,C1103,37.0,50012.23,4314.45,2024-10-09
850,C1073,72.0,57919.07,5195.35,2024-10-10
851,C1064,23.0,41423.15,4641.23,2024-10-10
852,C1019,34.0,40794.05,4127.88,2024-10-10
853,C1018,61.0,56657.86,1108.41,2024-10-11
854,C1083,78.0,61214.57,5529.46,2024-10-11
855,C1156,33.0,40788.98,2164.1,2024-10-11
856,C1081,41.0,32761.53,6675.3,2024-10-12
857,C1027,76.0,25644.55,2335.83,2024-10-12
858,C1177,55.0,32137.17,3785.07,2024-10-12
859,C1162,58.0,63904.57,6887.87,2024-10-13
860,C1066,79.0,16347.44,4426.75,2024-10-13
861,C1067,77.0,31881.58,1688.07,2024-10-13
862,C1058,43.0,21834.59,5668.13,2024-10-14
863,C1029,54.0,28007.63,3369.09,2024-10-14
864,C1081,57.0,42995.46,5119.93,2024-10-14
865,C1094,68.0,40421.91,2569.17,2024-10-15
866,C1138,79.0,35616.91,4151.34,2024-10-15
867,C1036,30.0,42598.84,6937.96,2024-10-15
868,C1084,57.0,44489.5,3494.44,2024-10-16
869,C1002,39.0,19310.58,8469.39,2024-10-16
870,C1104,58.0,43424.47,6400.37,2024-10-16
871,C1083,30.0,30478.28,4860.27,2024-10-17
872,C1142,66.0,32265.32,3733.49,2024-10-17
873,C1115,70.0,33244.97,2280.94,2024-10-17
874,C1005,66.0,23488.9,5002.62,2024-10-18
875,C1027,67.0,15480.56,3581.38,2024-10-18
876,C1026,76.0,39611.76,4268.01,2024-10-18
877,C1164,27.0,47884.34,6119.75,2024-10-19
878,C1145,58.0,34429.98,2559.79,2024-10-19
879,C1032,54.0,22124.0,4776.17,2024-10-19
880,C1181,33.0,46405.17,-942.53,2024-10-20
881,C1106,62.0,58854.03,6318.68,2024-10-20
882,C1173,21.0,40049.94,705.9,2024-10-20
883,C1041,42.0,65990.62,3296.3,2024-10-21
884,C1141,22.0,37088.07,4222.16,2024-10-21
885,C1128,36.0,45317.34,4313.33,2024-10-21
886,C1196,77.0,39819.25,4493.57,2024-10-22
887,C1086,67.0,52712.06,4669.13,2024-10-22
888,C1170,69.0,48197.47,8061.47,2024-10-22
889,C1012,79.0,54669.23,6447.18,2024-10-23
890,C1138,54.0,44016.3,5008.64,2024-10-23
891,C1112,79.0,54671.79,-609.31,2024-10-23
892,C1128,73.0,54811.66,2330.65,2024-10-24
893,C1158,,39070.04,7090.24,2024-10-24
894,C1170,71.0,35791.96,-1136.35,2024-10-24
895,C1015,34.0,15027.93,2365.01,2024-10-25
896,C1176,40.0,57773.8,1973.99,2024-10-25
897,C1092,78.0,45813.62,8104.96,2024-10-25
898,C1054,68.0,29242.12,2346.12,2024-10-26
899,C1012,57.0,49723.54,3693.32,2024-10-26
900,C1170,30.0,66266.97,2011.68,2024-10-26
901,C1143,26.0,50239.84,24.05,2024-10-27
902,C1117,78.0,52066.34,3575.68,2024-10-27
903,C1009,,57340.16,1747.61,2024-10-27
904,C1000,37.0,48275.93,1328.82,2024-10-28
905,C1059,26.0,57634.6,3097.24,2024-10-28
906,C1039,,34000.94,1832.36,2024-10-28
907,C1151,24.0,39480.78,2607.13,2024-10-29
908,C1155,29.0,20692.53,1311.43,2024-10-29
909,C1040,42.0,37524.73,2676.19,2024-10-29
910,C1068,52.0,39392.64,3812.29,2024-10-30
911,C1011,71.0,,2543.13,2024-10-30
912,C1168,73.0,38023.06,5336.13,2024-10-30
913,C1008,34.0,18096.11,2955.41,2024-10-31
914,C1120,52.0,41136.53,5922.43,2024-10-31
915,C1123,62.0,56176.51,3921.83,2024-10-31
916,C1197,20.0,54554.83,1664.77,2024-11-01
917,C1089,45.0,40732.03,6270.0,2024-11-01
918,C1152,21.0,52307.58,3913.91,2024-11-01
919,C1053,30.0,38951.56,6691.68,2024-11-02
920,C1018,50.0,50585.97,6871.65,2024-11-02
921,C1165,21.0,48031.31,2319.82,2024-11-02
922,C1167,73.0,40658.07,4933.1,2024-11-03
923,C1184,68.0,16603.74,2016.8,2024-11-03
924,C1132,54.0,15000.0,2245.02,2024-11-03
925,C1022,36.0,49776.83,1679.43,2024-11-04
926,C1044,64.0,28172.15,7511.2,2024-11-04
927,C1113,57.0,52113.7,6835.96,2024-11-04
928,C1103,69.0,69929.97,6773.81,2024-11-05
929,C1018,74.0,52863.73,713.35,2024-11-05
930,C1032,26.0,38900.84,4848.43,2024-11-05
931,C1124,19.0,55685.7,2734.17,2024-11-06
932,C1074,44.0,64143.76,2128.51,2024-11-06
933,C1181,25.0,41529.0,3247.71,2024-11-06
934,C1148,18.0,59034.98,4020.01,2024-11-07
935,C1093,41.0,45645.26,3790.23,2024-11-07
936,C1090,43.0,48723.55,1243.75,2024-11-07
937,C1020,57.0,27118.76,2846.0,2024-11-08
938,C1132,71.0,38594.91,5151.01,2024-11-08
939,C1162,76.0,30987.34,6859.83,2024-11-08
940,C1179,66.0,37869.48,4709.92,2024-11-09
941,C1047,76.0,32424.85,2432.81,2024-11-09
942,C1140,38.0,52491.03,7575.74,2024-11-09
943,C1075,68.0,27062.18,5504.78,2024-11-10
944,C1018,62.0,31958.71,3029.04,2024-11-10
945,C1029,79.0,45951.67,614.2,2024-11-10
946,C1082,62.0,37063.36,-759.73,2024-11-11
947,C1002,20.0,33304.14,7189.73,2024-11-11
948,C1063,48.0,58840.52,5670.86,2024-11-11
949,C1097,27.0,37809.75,2877.92,2024-11-12
950,C1095,24.0,61773.98,4359.13,2024-11-12
951,C1175,71.0,27497.9,1153.97,2024-11-12
952,C1179,75.0,15000.0,6042.62,2024-11-13
953,C1079,37.0,42840.46,1560.91,2024-11-13
954,C1068,53.0,43656.21,1404.31,2024-11-13
955,C1194,66.0,63170.54,6332.35,2024-11-14
956,C1148,29.0,28171.45,1740.1,2024-11-14
957,C1033,21.0,44421.21,3397.89,2024-11-14
958,C1093,59.0,26874.73,6038.64,2024-11-15
959,C1116,33.0,47352.03,4006.32,2024-11-15
960,C1167,65.0,55658.16,6172.19,2024-11-15
961,C1102,79.0,45269.03,1179.61,2024-11-16
962,C1047,24.0,31125.05,3370.08,2024-11-16
963,C1191,56.0,46216.82,5335.52,2024-11-16
964,C1104,44.0,62360.23,4253.75,2024-11-17
965,C1111,55.0,54340.18,3782.34,2024-11-17
966,C1126,76.0,33843.59,2759.16,2024-11-17
967,C1188,67.0,23900.0,2975.76,2024-11-18
968,C1075,54.0,42451.62,2549.73,2024-11-18
969,C1172,78.0,53698.39,4986.44,2024-11-18
970,C1112,66.0,45585.19,1046.28,2024-11-19
971,C1177,71.0,31003.16,3408.31,2024-11-19
972,C1059,27.0,29963.84,4434.53,2024-11-19
973,C1174,74.0,51616.01,3051.72,2024-11-20
974,C1197,34.0,40586.33,5056.31,2024-11-20
975,C1100,57.0,24908.98,2091.0,2024-11-20
976,C1137,77.0,31029.63,5515.77,2024-11-21
977,C1165,78.0,49298.1,6521.88,2024-11-21
978,C1125,23.0,47676.02,2181.4,2024-11-21
979,C1186,54.0,35231.12,2122.9,2024-11-22
980,C1186,73.0,48858.99,111.1,2024-11-22
981,C1034,53.0,37426.78,4120.84,2024-11-22
982,C1088,21.0,25236.3,8187.98,2024-11-23
983,C1161,52.0,54608.73,2807.27,2024-11-23
984,C1196,54.0,38017.31,3398.62,2024-11-23
985,C1181,61.0,35684.43,-454.36,2024-11-24
986,C1018,18.0,68056.56,1916.03,2024-11-24
987,C1163,31.0,59029.75,5484.97,2024-11-24
988,C1197,73.0,46582.53,5930.89,2024-11-25
989,C1024,46.0,22579.62,5521.15,2024-11-25
990,C1143,51.0,53649.89,6243.18,2024-11-25
991,C1093,28.0,41811.28,2991.78,2024-11-26
992,C1115,51.0,34186.6,2555.51,2024-11-26
993,C1193,36.0,16183.52,7709.03,2024-11-26
994,C1071,42.0,67197.28,1811.0,2024-11-27
995,C1054,48.0,23377.07,3328.43,2024-11-27
996,C1040,61.0,61930.2,3309.59,2024-11-27
997,C1039,18.0,43753.32,2661.06,2024-11-28
998,C1196,59.0,27255.76,3019.22,2024-11-28
999,C1049,78.0,-500.0,3034.61,2024-11-28
1000,C1047,55.0,30357.39,4146.26,2024-11-29
